{
    "products": [
        {
            "id": 1,
            "name": "Syltherine",
            "category": "living-room",
            "price": "Rp 2,500,000",
            "discount": "Rp 3,500,000",
            "image": "../assets/images/living-room/Syltherine.png",
            "description": "Stylish cafe chair",
            "imageUrl": [
                "../assets/images/living-room/Syltherine.png",
                "../assets/images/living-room/Syltherine-1.png",
                "../assets/images/living-room/Syltherine-2.png"
            ],
            "stock": 11
        },
        {
            "id": 2,
            "name": "Leviosa",
            "category": "living-room",
            "price": "Rp 2,500,000",
            "discount": null,
            "image": "../assets/images/living-room/Leviosa.png",
            "description": "Stylish cafe chair",
            "imageUrl": [
                "../assets/images/living-room/Leviosa.png"
            ],
            "stock": 8
        },
        {
            "id": 3,
            "name": "Lolito",
            "category": "living-room",
            "price": "Rp 7,000,000",
            "discount": "Rp 14,000,000",
            "image": "../assets/images/living-room/Lolito.png",
            "description": "Luxury big sofa",
            "imageUrl": [
                "../assets/images/living-room/Lolito.png"
            ],
            "stock": 5
        },
        {
            "id": 4,
            "name": "Respira",
            "category": "living-room",
            "price": "Rp 500,000",
            "discount": null,
            "image": "../assets/images/living-room/Respira.png",
            "description": "Outdoor bar table and stool",
            "imageUrl": [
                "../assets/images/living-room/Respira.png"
            ],
            "stock": 15
        },
        {
            "id": 5,
            "name": "Grifo",
            "category": "living-room",
            "price": "Rp 1,500,000",
            "discount": null,
            "image": "../assets/images/living-room/Grifo.png",
            "description": "Night lamp",
            "imageUrl": [
                "../assets/images/living-room/Grifo.png"
            ],
            "stock": 20
        },
        {
            "id": 6,
            "name": "Muggo",
            "category": "living-room",
            "price": "Rp 150,000",
            "discount": null,
            "image": "../assets/images/living-room/Muggo.png",
            "description": "Small mug",
            "imageUrl": [
                "../assets/images/living-room/Muggo.png"
            ],
            "stock": 50
        },
        {
            "id": 7,
            "name": "Pingky",
            "category": "living-room",
            "price": "Rp 7,000,000",
            "discount": "Rp 14,000,000",
            "image": "../assets/images/living-room/Pingky.png",
            "description": "Cute bed set",
            "imageUrl": [
                "../assets/images/living-room/Pingky.png"
            ],
            "stock": 3
        },
        {
            "id": 8,
            "name": "Potty",
            "category": "living-room",
            "price": "Rp 500,000",
            "discount": null,
            "image": "../assets/images/living-room/Potty.png",
            "description": "Minimalist flower pot",
            "imageUrl": [
                "../assets/images/living-room/Potty.png"
            ],
            "stock": 25
        }
    ]
  }